instruction_id,instruction_type,difficulty,v1_success,v2_success,v1_response_length,v1_expected_length,v1_length_ratio,v1_jaccard_similarity,v1_bleu_score,v1_rouge_1,v1_rouge_2,v1_rouge_l,v1_response_time,v2_response_length,v2_expected_length,v2_length_ratio,v2_jaccard_similarity,v2_bleu_score,v2_rouge_1,v2_rouge_2,v2_rouge_l,v2_response_time
code_review_1,code_review,medium,1,1,5892,126,46.76190476190476,0.03712871287128713,0.004027397976620504,0.0765765757162568,0.013568520528896181,0.0765765757162568,8.637922286987305,2765,126,21.944444444444443,0.04739336492890995,0.003885058027132025,0.10041840850825441,0.011173183352423548,0.10041840850825441,1.3768107891082764
pr_creation_1,pr_creation,easy,1,1,14292,74,193.13513513513513,0.011204481792717087,0.00110943542339991,0.018543046070470595,0.003072196468153693,0.018543046070470595,17.829128742218018,5259,74,71.06756756756756,0.03543307086614173,0.0016777949346644047,0.03424657461742355,0.003999999608000039,0.03424657461742355,2.021135091781616
bug_fix_1,bug_fix,hard,1,1,4267,115,37.10434782608696,0.02280130293159609,0.00438997644394143,0.043076922140781085,0.010771992193238369,0.043076922140781085,6.033195972442627,2284,115,19.860869565217392,0.05235602094240838,0.007588473734019455,0.0845070408640261,0.03508771830101572,0.0845070408640261,1.1870465278625488
refactor_1,refactoring,easy,1,1,3592,95,37.810526315789474,0.02054794520547945,0.0013230109330204605,0.03921568546093385,0.0,0.03267973774851555,6.226603269577026,1901,95,20.010526315789473,0.03870967741935484,0.003422869228665051,0.06024096241181598,0.008368199883055379,0.06024096241181598,1.3078501224517822
test_case_1,test_creation,medium,1,1,14926,69,216.31884057971016,0.009025270758122744,0.000523802683174702,0.017152658291854115,0.0,0.017152658291854115,20.54578733444214,5941,69,86.10144927536231,0.025974025974025976,0.002138867711866739,0.048979590979092054,0.0049261078939067185,0.048979590979092054,2.131324052810669
