instruction_id,instruction_type,difficulty,v1_success,v2_success,v1_response_length,v1_expected_length,v1_length_ratio,v1_jaccard_similarity,v1_bleu_score,v1_rouge_1,v1_rouge_2,v1_rouge_l,v1_response_time
code_review_1,code_review,medium,1,0,5082,126,40.333333333333336,0.05217391304347826,0.0038081520429971843,0.10242587499073678,0.01251956123833947,0.09703503941122195,7.472762823104858
pr_creation_1,pr_creation,easy,1,0,11212,74,151.51351351351352,0.01282051282051282,0.0015625286366393934,0.023738872082478497,0.006650041397890703,0.023738872082478497,13.99750804901123
bug_fix_1,bug_fix,hard,1,0,4481,115,38.96521739130435,0.030395136778115502,0.002815995121101268,0.04519773924989627,0.009983360483830367,0.039548021735771995,6.184428691864014
refactor_1,refactoring,easy,1,0,4352,95,45.810526315789474,0.03225806451612903,0.0031298504289419184,0.061281336349345523,0.007194244181978184,0.055710305708677,6.982775926589966
test_case_1,test_creation,medium,1,0,10552,69,152.92753623188406,0.009861932938856016,0.0006699381452891925,0.02578268836916523,0.0,0.02578268836916523,13.134053468704224
