instruction_id,instruction_type,difficulty,v1_success,v2_success,v1_response_length,v1_expected_length,v1_length_ratio,v1_jaccard_similarity,v1_bleu_score,v1_rouge_1,v1_rouge_2,v1_rouge_l,v1_response_time
code_review_1,code_review,medium,1,0,6371,126,50.56349206349206,0.035634743875278395,0.0029824938792256464,0.07802874664564088,0.009592325693833444,0.07392197046494273,9.049956560134888
pr_creation_1,pr_creation,easy,1,0,14882,74,201.1081081081081,0.00847457627118644,0.0008528263926582184,0.01594533004869734,0.0037712129486216703,0.01594533004869734,18.267322778701782
bug_fix_1,bug_fix,hard,1,0,3744,115,32.55652173913043,0.03690036900369004,0.004379075896324774,0.06688963109405936,0.024390243197501507,0.06688963109405936,4.708457708358765
refactor_1,refactoring,easy,1,0,2767,95,29.126315789473683,0.02631578947368421,0.0016118366817981058,0.04219409179013338,0.0,0.03375527322473254,4.544499397277832
test_case_1,test_creation,medium,1,0,11860,69,171.8840579710145,0.013307984790874524,0.0006206447408486637,0.02177858400071147,0.0,0.02177858400071147,14.841153383255005
