instruction_id,instruction_type,difficulty,v1_success,v2_success,v1_response_length,v1_expected_length,v1_length_ratio,v1_jaccard_similarity,v1_bleu_score,v1_rouge_1,v1_rouge_2,v1_rouge_l,v1_response_time,v2_response_length,v2_expected_length,v2_length_ratio,v2_jaccard_similarity,v2_bleu_score,v2_rouge_1,v2_rouge_2,v2_rouge_l,v2_response_time
code_review_1,code_review,medium,1,1,156,126,1.2380952380952381,0.15151515151515152,0.035247858975832255,0.2999999950000001,0.05263157394736889,0.2999999950000001,1.5923643112182617,234,126,1.8571428571428572,0.125,0.025927732347438295,0.2553191440470802,0.04347825602079449,0.2553191440470802,1.741708517074585
pr_creation_1,pr_creation,easy,1,1,173,74,2.3378378378378377,0.16666666666666666,0.028743137251195983,0.23529411326989624,0.05882352525951587,0.23529411326989624,1.3252806663513184,251,74,3.391891891891892,0.16666666666666666,0.023619218366939275,0.24390243509815587,0.047619043990929984,0.24390243509815587,1.4020867347717285
bug_fix_1,bug_fix,hard,1,1,109,115,0.9478260869565217,0.03225806451612903,0.013028389076628536,0.062499995000000405,0.0,0.062499995000000405,1.803006887435913,187,115,1.626086956521739,0.02631578947368421,0.011199617145528714,0.051282046443129975,0.0,0.051282046443129975,1.7839348316192627
refactor_1,refactoring,easy,1,1,109,95,1.1473684210526316,0.07407407407407407,0.018688671660841403,0.20689654677764577,0.0,0.13793102953626654,1.214677333831787,187,95,1.9684210526315788,0.058823529411764705,0.013318664394769218,0.16666666205246927,0.0,0.11111110649691378,1.6011784076690674
test_case_1,test_creation,medium,1,1,156,69,2.260869565217391,0.0,0.0,0.0,0.0,0.0,1.2216980457305908,234,69,3.391304347826087,0.0,0.0,0.0,0.0,0.0,1.6364824771881104
